improvement_type,low_estimate,high_estimate,timeline_months,description
data_platform_foundation,2000000,5000000,18,Modern cloud data platform implementation
data_governance_program,1000000,3000000,12,Enterprise governance framework
self_service_bi,500000,1500000,9,BI democratization initiative
ml_platform,1500000,4000000,15,Enterprise ML platform with feature store
data_catalog,300000,800000,6,Enterprise data catalog deployment
data_quality,400000,1200000,9,Automated data quality framework
real_time_pipelines,800000,2500000,12,Streaming data infrastructure
data_mesh,2000000,6000000,24,Domain-oriented data architecture
data_literacy,200000,500000,6,Enterprise data literacy program
