variable,value,description
yearly_salary,100000,Average yearly salary per user in dollars
months_per_year,12,Number of months in a year
security_threshold_high,0.89,Security rating above this gets lowest risk ratio
security_ratio_high,1.15,Risk multiplier for high security rating (above 0.89)
security_threshold_medium,0.69,Security rating above this gets medium risk ratio
security_ratio_medium,2,Risk multiplier for medium security rating (0.70-0.89)
security_threshold_low,0.49,Security rating above this gets elevated risk ratio
security_ratio_low,10,Risk multiplier for low security rating (0.50-0.69)
security_ratio_critical,20,Risk multiplier for critical security rating (0.49 and below)
